Location,White,Black,Hispanic,Asian/Native Hawaiian and Pacific Islander,American Indian/Alaska Native,Multiple Races,Total,Year
United States,0.111,0.276,0.247,0.129,0.293,0.196,0.158,2013
Alabama,0.129,0.316,0.35700000000000004,0.17600000000000002,0.142,0.222,0.18899999999999997,2013
Alaska,0.054000000000000006,0.2947727272727273,0.145,0.1538139534883721,0.259,0.2205510204081632,0.091,2013
Arizona,0.113,0.243,0.293,0.161,0.387,0.191,0.18600000000000003,2013
Arkansas,0.149,0.34600000000000003,0.314,0.131,0.225,0.231,0.192,2013
California,0.107,0.263,0.231,0.122,0.23800000000000002,0.151,0.16699999999999998,2013
Colorado,0.09300000000000001,0.239,0.235,0.098,0.163,0.141,0.13,2013
Connecticut,0.061,0.19899999999999998,0.25,0.106,0.2818780487804877,0.126,0.105,2013
Delaware,0.087,0.166,0.373,0.1538139534883721,0.2818780487804877,0.239,0.13,2013
District of Columbia,0.079,0.28600000000000003,0.155,0.23399999999999999,0.2818780487804877,0.13699999999999998,0.19399999999999998,2013
Florida,0.11900000000000001,0.282,0.22,0.138,0.252,0.17800000000000002,0.17,2013
Georgia,0.126,0.268,0.313,0.147,0.21600000000000003,0.22699999999999998,0.18899999999999997,2013
Hawaii,0.106,0.2947727272727273,0.098,0.105,0.2818780487804877,0.129,0.109,2013
Idaho,0.14300000000000002,0.2947727272727273,0.24100000000000002,0.1538139534883721,0.262,0.255,0.159,2013
Illinois,0.09300000000000001,0.319,0.2,0.11599999999999999,0.243,0.182,0.145,2013
Indiana,0.127,0.309,0.304,0.183,0.215,0.278,0.158,2013
Iowa,0.111,0.324,0.233,0.203,0.366,0.325,0.13,2013
Kansas,0.10800000000000001,0.26899999999999996,0.23399999999999999,0.161,0.196,0.231,0.136,2013
Kentucky,0.17,0.278,0.284,0.142,0.225,0.299,0.184,2013
Louisiana,0.11800000000000001,0.33799999999999997,0.252,0.128,0.23399999999999999,0.27,0.19699999999999998,2013
Maine,0.125,0.5770000000000001,0.282,0.1538139534883721,0.332,0.166,0.133,2013
Maryland,0.07,0.153,0.13,0.095,0.324,0.14300000000000002,0.10300000000000001,2013
Massachusetts,0.084,0.203,0.297,0.133,0.302,0.162,0.11900000000000001,2013
Michigan,0.127,0.344,0.272,0.13,0.228,0.311,0.168,2013
Minnesota,0.08199999999999999,0.336,0.244,0.18,0.33,0.17800000000000002,0.113,2013
Mississippi,0.151,0.37799999999999995,0.331,0.12300000000000001,0.452,0.386,0.244,2013
Missouri,0.13699999999999998,0.298,0.253,0.191,0.325,0.237,0.163,2013
Montana,0.14800000000000002,0.2947727272727273,0.31,0.1538139534883721,0.423,0.304,0.174,2013
Nebraska,0.102,0.342,0.225,0.159,0.42,0.196,0.13,2013
Nevada,0.10800000000000001,0.278,0.22399999999999998,0.109,0.26899999999999996,0.174,0.157,2013
New Hampshire,0.08,0.2947727272727273,0.20600000000000002,0.157,0.2818780487804877,0.2205510204081632,0.08800000000000001,2013
New Jersey,0.064,0.212,0.221,0.055999999999999994,0.28,0.174,0.114,2013
New Mexico,0.12300000000000001,0.21,0.294,0.175,0.426,0.16,0.233,2013
New York,0.10400000000000001,0.242,0.261,0.18899999999999997,0.264,0.196,0.161,2013
North Carolina,0.125,0.28,0.32799999999999996,0.146,0.28800000000000003,0.252,0.18,2013
North Dakota,0.092,0.2947727272727273,0.20199999999999999,0.1538139534883721,0.38799999999999996,0.2205510204081632,0.12,2013
Ohio,0.12300000000000001,0.33399999999999996,0.251,0.106,0.312,0.27699999999999997,0.156,2013
Oklahoma,0.131,0.317,0.23399999999999999,0.179,0.222,0.22399999999999998,0.16699999999999998,2013
Oregon,0.142,0.32,0.267,0.187,0.22899999999999998,0.21100000000000002,0.165,2013
Pennsylvania,0.098,0.28300000000000003,0.348,0.191,0.2818780487804877,0.23399999999999999,0.138,2013
Rhode Island,0.08199999999999999,0.281,0.377,0.127,0.2818780487804877,0.23199999999999998,0.141,2013
South Carolina,0.127,0.3,0.297,0.214,0.2818780487804877,0.257,0.18600000000000003,2013
South Dakota,0.09699999999999999,0.2947727272727273,0.2,0.1538139534883721,0.483,0.266,0.138,2013
Tennessee,0.145,0.301,0.32899999999999996,0.094,0.139,0.28600000000000003,0.18100000000000002,2013
Texas,0.094,0.247,0.255,0.10800000000000001,0.154,0.18100000000000002,0.175,2013
Utah,0.10099999999999999,0.29,0.243,0.217,0.261,0.149,0.128,2013
Vermont,0.127,0.2947727272727273,0.2615576923076923,0.1538139534883721,0.2818780487804877,0.18,0.128,2013
Virginia,0.08900000000000001,0.21100000000000002,0.158,0.073,0.2818780487804877,0.136,0.11800000000000001,2013
Washington,0.11,0.25,0.268,0.128,0.24100000000000002,0.17800000000000002,0.14,2013
West Virginia,0.17300000000000001,0.316,0.299,0.1538139534883721,0.2818780487804877,0.318,0.18100000000000002,2013
Wisconsin,0.10300000000000001,0.375,0.293,0.17300000000000001,0.281,0.188,0.136,2013
Wyoming,0.083,0.2947727272727273,0.265,0.494,0.268,0.2205510204081632,0.106,2013
Puerto Rico,0.32799999999999996,0.5710000000000001,0.45799999999999996,0.1538139534883721,0.2818780487804877,0.44299999999999995,0.45799999999999996,2013
United States,0.10800000000000001,0.26899999999999996,0.24100000000000002,0.126,0.287,0.196,0.155,2014
Alabama,0.135,0.315,0.379,0.136,0.17300000000000001,0.27,0.195,2014
Alaska,0.076,0.27979545454545457,0.209,0.1567173913043478,0.233,0.22222448979591844,0.125,2014
Arizona,0.11,0.258,0.278,0.15,0.37799999999999995,0.17800000000000002,0.18,2014
Arkansas,0.14800000000000002,0.32299999999999995,0.306,0.157,0.28495000000000004,0.273,0.188,2014
California,0.10400000000000001,0.254,0.228,0.11599999999999999,0.263,0.152,0.16399999999999998,2014
Colorado,0.08800000000000001,0.2,0.215,0.106,0.207,0.172,0.122,2014
Connecticut,0.06,0.18600000000000003,0.24100000000000002,0.073,0.28495000000000004,0.15,0.102,2014
Delaware,0.095,0.221,0.162,0.053,0.28495000000000004,0.275,0.13,2014
District of Columbia,0.066,0.251,0.158,0.128,0.28495000000000004,0.22222448979591844,0.168,2014
Florida,0.11599999999999999,0.26899999999999996,0.218,0.136,0.23800000000000002,0.171,0.166,2014
Georgia,0.121,0.276,0.301,0.10800000000000001,0.23600000000000002,0.213,0.18600000000000003,2014
Hawaii,0.105,0.27979545454545457,0.149,0.109,0.28495000000000004,0.129,0.11599999999999999,2014
Idaho,0.129,0.27979545454545457,0.253,0.13699999999999998,0.308,0.258,0.149,2014
Illinois,0.09300000000000001,0.312,0.195,0.111,0.27899999999999997,0.18,0.14300000000000002,2014
Indiana,0.121,0.315,0.27899999999999997,0.16699999999999998,0.23399999999999999,0.289,0.153,2014
Iowa,0.106,0.345,0.205,0.17600000000000002,0.406,0.188,0.12300000000000001,2014
Kansas,0.106,0.247,0.27899999999999997,0.134,0.244,0.162,0.136,2014
Kentucky,0.16699999999999998,0.322,0.34600000000000003,0.233,0.385,0.23199999999999998,0.187,2014
Louisiana,0.121,0.33,0.254,0.126,0.345,0.205,0.196,2014
Maine,0.136,0.484,0.131,0.1567173913043478,0.607,0.321,0.146,2014
Maryland,0.069,0.139,0.135,0.10099999999999999,0.28495000000000004,0.127,0.099,2014
Massachusetts,0.075,0.21100000000000002,0.312,0.14400000000000002,0.28495000000000004,0.17800000000000002,0.11599999999999999,2014
Michigan,0.122,0.322,0.245,0.158,0.22699999999999998,0.278,0.16,2014
Minnesota,0.08,0.374,0.207,0.129,0.282,0.254,0.111,2014
Mississippi,0.136,0.35100000000000003,0.285,0.155,0.28495000000000004,0.243,0.222,2014
Missouri,0.129,0.28,0.237,0.156,0.18100000000000002,0.255,0.154,2014
Montana,0.135,0.355,0.287,0.325,0.406,0.195,0.161,2014
Nebraska,0.099,0.29600000000000004,0.248,0.1567173913043478,0.32899999999999996,0.16699999999999998,0.126,2014
Nevada,0.106,0.267,0.20800000000000002,0.1,0.207,0.14400000000000002,0.149,2014
New Hampshire,0.086,0.27979545454545457,0.20199999999999999,0.1567173913043478,0.28495000000000004,0.225,0.09300000000000001,2014
New Jersey,0.065,0.198,0.21100000000000002,0.064,0.252,0.135,0.111,2014
New Mexico,0.13699999999999998,0.18899999999999997,0.257,0.122,0.332,0.243,0.214,2014
New York,0.10099999999999999,0.21899999999999997,0.256,0.18,0.19,0.187,0.156,2014
North Carolina,0.11800000000000001,0.271,0.32799999999999996,0.11199999999999999,0.28300000000000003,0.261,0.174,2014
North Dakota,0.08900000000000001,0.27979545454545457,0.195,0.45399999999999996,0.397,0.22222448979591844,0.121,2014
Ohio,0.122,0.342,0.284,0.146,0.258,0.299,0.159,2014
Oklahoma,0.129,0.298,0.27399999999999997,0.14400000000000002,0.217,0.174,0.165,2014
Oregon,0.132,0.38799999999999996,0.261,0.175,0.282,0.27699999999999997,0.161,2014
Pennsylvania,0.099,0.28300000000000003,0.302,0.153,0.23,0.23399999999999999,0.135,2014
Rhode Island,0.10300000000000001,0.185,0.32,0.1567173913043478,0.28495000000000004,0.17,0.14300000000000002,2014
South Carolina,0.11800000000000001,0.297,0.311,0.121,0.237,0.301,0.18100000000000002,2014
South Dakota,0.092,0.27979545454545457,0.37799999999999995,0.457,0.56,0.159,0.147,2014
Tennessee,0.14400000000000002,0.308,0.366,0.146,0.191,0.278,0.185,2014
Texas,0.092,0.231,0.252,0.11199999999999999,0.122,0.17,0.172,2014
Utah,0.08900000000000001,0.23399999999999999,0.239,0.17600000000000002,0.311,0.22,0.11900000000000001,2014
Vermont,0.098,0.27979545454545457,0.2568076923076923,0.1567173913043478,0.28495000000000004,0.262,0.102,2014
Virginia,0.08900000000000001,0.215,0.152,0.084,0.183,0.134,0.11900000000000001,2014
Washington,0.105,0.22899999999999998,0.22699999999999998,0.135,0.275,0.19899999999999998,0.133,2014
West Virginia,0.171,0.301,0.316,0.187,0.28495000000000004,0.301,0.179,2014
Wisconsin,0.095,0.35100000000000003,0.27399999999999997,0.213,0.317,0.247,0.129,2014
Wyoming,0.09300000000000001,0.27979545454545457,0.297,0.278,0.306,0.22222448979591844,0.12,2014
Puerto Rico,0.258,0.27979545454545457,0.461,0.1567173913043478,0.28495000000000004,0.5579999999999999,0.46,2014
United States,0.10400000000000001,0.254,0.226,0.121,0.264,0.17800000000000002,0.147,2015
Alabama,0.133,0.307,0.344,0.124,0.142,0.231,0.18899999999999997,2015
Alaska,0.076,0.2791521739130435,0.24502083333333335,0.13693333333333335,0.23199999999999998,0.11599999999999999,0.10300000000000001,2015
Arizona,0.114,0.243,0.255,0.126,0.355,0.156,0.17300000000000001,2015
Arkansas,0.146,0.33299999999999996,0.368,0.193,0.22699999999999998,0.257,0.19399999999999998,2015
California,0.10099999999999999,0.225,0.21,0.114,0.195,0.13699999999999998,0.153,2015
Colorado,0.08199999999999999,0.191,0.195,0.16699999999999998,0.157,0.156,0.11599999999999999,2015
Connecticut,0.057999999999999996,0.187,0.252,0.062,0.25750000000000006,0.128,0.10300000000000001,2015
Delaware,0.079,0.22699999999999998,0.299,0.092,0.25750000000000006,0.257,0.135,2015
District of Columbia,0.069,0.252,0.127,0.107,0.25750000000000006,0.20348979591836727,0.16399999999999998,2015
Florida,0.111,0.249,0.20600000000000002,0.125,0.166,0.16399999999999998,0.157,2015
Georgia,0.11199999999999999,0.25,0.271,0.107,0.276,0.19399999999999998,0.171,2015
Hawaii,0.10099999999999999,0.2791521739130435,0.171,0.10400000000000001,0.25750000000000006,0.096,0.109,2015
Idaho,0.129,0.2791521739130435,0.21,0.13,0.228,0.17800000000000002,0.141,2015
Illinois,0.087,0.287,0.2,0.11699999999999999,0.25750000000000006,0.175,0.13699999999999998,2015
Indiana,0.12,0.299,0.27399999999999997,0.182,0.19699999999999998,0.276,0.151,2015
Iowa,0.10400000000000001,0.364,0.309,0.257,0.33899999999999997,0.147,0.129,2015
Kansas,0.1,0.261,0.209,0.162,0.23399999999999999,0.278,0.129,2015
Kentucky,0.166,0.292,0.304,0.14300000000000002,0.261,0.26899999999999996,0.182,2015
Louisiana,0.126,0.317,0.244,0.145,0.215,0.19,0.19399999999999998,2015
Maine,0.12,0.491,0.21899999999999997,0.13693333333333335,0.248,0.251,0.129,2015
Maryland,0.068,0.149,0.149,0.07400000000000001,0.25750000000000006,0.109,0.10099999999999999,2015
Massachusetts,0.076,0.203,0.276,0.135,0.25750000000000006,0.16399999999999998,0.113,2015
Michigan,0.12,0.327,0.233,0.156,0.233,0.28300000000000003,0.159,2015
Minnesota,0.07,0.33,0.214,0.168,0.259,0.114,0.1,2015
Mississippi,0.132,0.345,0.298,0.141,0.25750000000000006,0.326,0.21899999999999997,2015
Missouri,0.122,0.272,0.267,0.121,0.223,0.203,0.147,2015
Montana,0.124,0.2791521739130435,0.147,0.13693333333333335,0.38799999999999996,0.309,0.146,2015
Nebraska,0.091,0.321,0.24100000000000002,0.207,0.37799999999999995,0.306,0.126,2015
Nevada,0.10400000000000001,0.267,0.205,0.105,0.247,0.17800000000000002,0.149,2015
New Hampshire,0.073,0.228,0.185,0.09300000000000001,0.25750000000000006,0.12,0.079,2015
New Jersey,0.061,0.18100000000000002,0.2,0.066,0.25750000000000006,0.14300000000000002,0.106,2015
New Mexico,0.124,0.24100000000000002,0.257,0.109,0.332,0.2,0.209,2015
New York,0.098,0.223,0.254,0.159,0.23800000000000002,0.185,0.152,2015
North Carolina,0.11599999999999999,0.249,0.327,0.11699999999999999,0.259,0.22399999999999998,0.16699999999999998,2015
North Dakota,0.099,0.2791521739130435,0.24502083333333335,0.13693333333333335,0.37799999999999995,0.205,0.11800000000000001,2015
Ohio,0.113,0.32299999999999995,0.267,0.151,0.319,0.29,0.149,2015
Oklahoma,0.125,0.287,0.252,0.183,0.201,0.226,0.163,2015
Oregon,0.127,0.359,0.258,0.142,0.24600000000000002,0.175,0.151,2015
Pennsylvania,0.09,0.278,0.31,0.154,0.273,0.218,0.129,2015
Rhode Island,0.095,0.193,0.285,0.212,0.565,0.20600000000000002,0.13699999999999998,2015
South Carolina,0.11599999999999999,0.26,0.271,0.174,0.16899999999999998,0.196,0.165,2015
South Dakota,0.087,0.478,0.24502083333333335,0.13693333333333335,0.486,0.20348979591836727,0.13,2015
Tennessee,0.139,0.257,0.29600000000000004,0.086,0.177,0.23800000000000002,0.168,2015
Texas,0.086,0.213,0.22699999999999998,0.107,0.195,0.14800000000000002,0.158,2015
Utah,0.091,0.335,0.18899999999999997,0.204,0.285,0.141,0.114,2015
Vermont,0.09,0.2791521739130435,0.24502083333333335,0.13693333333333335,0.25750000000000006,0.20348979591836727,0.096,2015
Virginia,0.08900000000000001,0.19699999999999998,0.14400000000000002,0.08,0.11,0.11900000000000001,0.115,2015
Washington,0.10300000000000001,0.23199999999999998,0.221,0.11199999999999999,0.239,0.151,0.127,2015
West Virginia,0.17300000000000001,0.276,0.207,0.17800000000000002,0.25750000000000006,0.26,0.17800000000000002,2015
Wisconsin,0.08800000000000001,0.32,0.22699999999999998,0.15,0.22,0.187,0.11599999999999999,2015
Wyoming,0.098,0.2791521739130435,0.24502083333333335,0.13693333333333335,0.14400000000000002,0.20348979591836727,0.102,2015
Puerto Rico,0.41,0.46799999999999997,0.461,0.13693333333333335,0.25750000000000006,0.513,0.46,2015
United States,0.1,0.23800000000000002,0.21,0.12,0.273,0.174,0.141,2016
Alabama,0.121,0.27899999999999997,0.319,0.11800000000000001,0.126,0.251,0.17300000000000001,2016
Alaska,0.068,0.2580227272727273,0.17800000000000002,0.1293658536585366,0.27399999999999997,0.10400000000000001,0.106,2016
Arizona,0.11,0.21100000000000002,0.23800000000000002,0.136,0.36,0.155,0.165,2016
Arkansas,0.138,0.28800000000000003,0.255,0.129,0.263,0.254,0.172,2016
California,0.096,0.223,0.19,0.113,0.226,0.132,0.14400000000000002,2016
Colorado,0.081,0.19,0.172,0.11599999999999999,0.223,0.152,0.10800000000000001,2016
Connecticut,0.057999999999999996,0.182,0.19399999999999998,0.096,0.26397499999999996,0.13699999999999998,0.095,2016
Delaware,0.08,0.151,0.287,0.085,0.26397499999999996,0.17300000000000001,0.11699999999999999,2016
District of Columbia,0.076,0.281,0.217,0.14,0.26397499999999996,0.2008333333333334,0.191,2016
Florida,0.106,0.22699999999999998,0.19,0.12300000000000001,0.225,0.193,0.14800000000000002,2016
Georgia,0.107,0.223,0.24,0.12300000000000001,0.262,0.192,0.158,2016
Hawaii,0.08199999999999999,0.2580227272727273,0.109,0.1,0.26397499999999996,0.064,0.09,2016
Idaho,0.127,0.2580227272727273,0.243,0.1293658536585366,0.243,0.196,0.14400000000000002,2016
Illinois,0.08900000000000001,0.268,0.16699999999999998,0.111,0.132,0.185,0.13,2016
Indiana,0.111,0.27899999999999997,0.242,0.226,0.203,0.226,0.14,2016
Iowa,0.096,0.29100000000000004,0.243,0.14300000000000002,0.32899999999999996,0.198,0.114,2016
Kansas,0.1,0.275,0.182,0.11800000000000001,0.15,0.14300000000000002,0.121,2016
Kentucky,0.168,0.313,0.327,0.156,0.26397499999999996,0.255,0.18600000000000003,2016
Louisiana,0.126,0.34,0.242,0.16899999999999998,0.302,0.24100000000000002,0.203,2016
Maine,0.12,0.49,0.134,0.1293658536585366,0.303,0.27,0.13,2016
Maryland,0.069,0.128,0.127,0.077,0.26397499999999996,0.12,0.094,2016
Massachusetts,0.067,0.18899999999999997,0.264,0.142,0.213,0.151,0.105,2016
Michigan,0.114,0.29100000000000004,0.226,0.201,0.193,0.222,0.149,2016
Minnesota,0.071,0.28600000000000003,0.192,0.141,0.284,0.187,0.098,2016
Mississippi,0.129,0.319,0.263,0.10300000000000001,0.44799999999999995,0.33899999999999997,0.20800000000000002,2016
Missouri,0.11800000000000001,0.23,0.237,0.153,0.212,0.24100000000000002,0.139,2016
Montana,0.11900000000000001,0.2580227272727273,0.14300000000000002,0.1293658536585366,0.24100000000000002,0.209,0.131,2016
Nebraska,0.087,0.281,0.24600000000000002,0.19699999999999998,0.32,0.2008333333333334,0.11699999999999999,2016
Nevada,0.095,0.214,0.18899999999999997,0.107,0.31,0.129,0.136,2016
New Hampshire,0.063,0.2580227272727273,0.15,0.1293658536585366,0.26397499999999996,0.203,0.069,2016
New Jersey,0.064,0.171,0.183,0.064,0.273,0.12,0.10300000000000001,2016
New Mexico,0.124,0.213,0.24100000000000002,0.1293658536585366,0.325,0.21100000000000002,0.201,2016
New York,0.096,0.205,0.243,0.168,0.23399999999999999,0.184,0.14800000000000002,2016
North Carolina,0.11,0.244,0.278,0.113,0.23600000000000002,0.21,0.157,2016
North Dakota,0.085,0.2580227272727273,0.272,0.1293658536585366,0.38299999999999995,0.2008333333333334,0.11599999999999999,2016
Ohio,0.11,0.306,0.259,0.154,0.303,0.261,0.14400000000000002,2016
Oklahoma,0.122,0.28800000000000003,0.259,0.157,0.228,0.198,0.161,2016
Oregon,0.111,0.257,0.231,0.149,0.242,0.177,0.134,2016
Pennsylvania,0.09300000000000001,0.264,0.28300000000000003,0.133,0.345,0.20600000000000002,0.128,2016
Rhode Island,0.095,0.205,0.23199999999999998,0.105,0.26397499999999996,0.264,0.127,2016
South Carolina,0.10099999999999999,0.244,0.262,0.107,0.26397499999999996,0.293,0.152,2016
South Dakota,0.081,0.2580227272727273,0.306,0.1293658536585366,0.555,0.32799999999999996,0.138,2016
Tennessee,0.125,0.261,0.287,0.10400000000000001,0.26397499999999996,0.20600000000000002,0.157,2016
Texas,0.08900000000000001,0.204,0.223,0.10800000000000001,0.129,0.149,0.157,2016
Utah,0.08199999999999999,0.392,0.18,0.145,0.363,0.124,0.10400000000000001,2016
Vermont,0.111,0.2580227272727273,0.22753846153846163,0.1293658536585366,0.26397499999999996,0.2008333333333334,0.11199999999999999,2016
Virginia,0.086,0.182,0.153,0.07200000000000001,0.099,0.146,0.111,2016
Washington,0.092,0.22,0.195,0.096,0.242,0.14800000000000002,0.114,2016
West Virginia,0.17600000000000002,0.245,0.267,0.1293658536585366,0.26397499999999996,0.315,0.183,2016
Wisconsin,0.08800000000000001,0.313,0.242,0.18600000000000003,0.271,0.198,0.11800000000000001,2016
Wyoming,0.105,0.2580227272727273,0.17800000000000002,0.1293658536585366,0.21600000000000003,0.2008333333333334,0.11699999999999999,2016
Puerto Rico,0.375,0.452,0.442,0.1293658536585366,0.26397499999999996,0.406,0.441,2016
United States,0.096,0.22899999999999998,0.193,0.11199999999999999,0.262,0.159,0.134,2017
Alabama,0.11699999999999999,0.26899999999999996,0.306,0.193,0.2637368421052632,0.239,0.168,2017
Alaska,0.083,0.24686363636363629,0.21098,0.12899999999999998,0.24600000000000002,0.11199999999999999,0.11699999999999999,2017
Arizona,0.10099999999999999,0.23,0.19699999999999998,0.109,0.36,0.14300000000000002,0.147,2017
Arkansas,0.13,0.278,0.237,0.15,0.284,0.163,0.162,2017
California,0.08900000000000001,0.204,0.174,0.10300000000000001,0.177,0.121,0.132,2017
Colorado,0.083,0.136,0.163,0.086,0.128,0.122,0.10300000000000001,2017
Connecticut,0.057999999999999996,0.147,0.204,0.08800000000000001,0.2637368421052632,0.11900000000000001,0.094,2017
Delaware,0.094,0.19,0.20199999999999999,0.12300000000000001,0.2637368421052632,0.19,0.129,2017
District of Columbia,0.059000000000000004,0.249,0.154,0.175,0.2637368421052632,0.17475000000000004,0.16399999999999998,2017
Florida,0.1,0.217,0.177,0.135,0.18899999999999997,0.166,0.14,2017
Georgia,0.099,0.218,0.23800000000000002,0.09699999999999999,0.171,0.20600000000000002,0.152,2017
Hawaii,0.102,0.24686363636363629,0.188,0.095,0.2637368421052632,0.092,0.106,2017
Idaho,0.11900000000000001,0.602,0.188,0.157,0.201,0.124,0.132,2017
Illinois,0.08900000000000001,0.261,0.152,0.114,0.185,0.172,0.127,2017
Indiana,0.11,0.261,0.214,0.17,0.16699999999999998,0.22899999999999998,0.135,2017
Iowa,0.087,0.32899999999999996,0.14300000000000002,0.14400000000000002,0.2637368421052632,0.183,0.102,2017
Kansas,0.098,0.27899999999999997,0.16699999999999998,0.161,0.19399999999999998,0.16,0.12,2017
Kentucky,0.162,0.249,0.26,0.16,0.2637368421052632,0.239,0.174,2017
Louisiana,0.122,0.337,0.245,0.16699999999999998,0.245,0.21,0.2,2017
Maine,0.106,0.24686363636363629,0.19399999999999998,0.12899999999999998,0.369,0.213,0.114,2017
Maryland,0.064,0.134,0.14,0.071,0.2637368421052632,0.12,0.094,2017
Massachusetts,0.067,0.16399999999999998,0.253,0.159,0.2637368421052632,0.14,0.10400000000000001,2017
Michigan,0.109,0.297,0.21100000000000002,0.094,0.152,0.223,0.142,2017
Minnesota,0.07,0.27899999999999997,0.23399999999999999,0.127,0.268,0.121,0.098,2017
Mississippi,0.11900000000000001,0.313,0.179,0.16399999999999998,0.39,0.256,0.19699999999999998,2017
Missouri,0.11199999999999999,0.237,0.17300000000000001,0.20199999999999999,0.159,0.19699999999999998,0.133,2017
Montana,0.107,0.24686363636363629,0.226,0.12899999999999998,0.27399999999999997,0.205,0.126,2017
Nebraska,0.077,0.275,0.21100000000000002,0.207,0.20199999999999999,0.188,0.107,2017
Nevada,0.091,0.295,0.157,0.10300000000000001,0.268,0.114,0.131,2017
New Hampshire,0.07,0.21,0.21098,0.091,0.2637368421052632,0.17475000000000004,0.075,2017
New Jersey,0.055999999999999994,0.17800000000000002,0.17300000000000001,0.065,0.2637368421052632,0.109,0.09699999999999999,2017
New Mexico,0.11800000000000001,0.24100000000000002,0.23199999999999998,0.12899999999999998,0.33799999999999997,0.205,0.196,2017
New York,0.09300000000000001,0.20800000000000002,0.217,0.149,0.27699999999999997,0.158,0.14,2017
North Carolina,0.10400000000000001,0.217,0.276,0.133,0.253,0.205,0.149,2017
North Dakota,0.08,0.24686363636363629,0.16899999999999998,0.12899999999999998,0.32899999999999996,0.196,0.098,2017
Ohio,0.106,0.284,0.265,0.138,0.308,0.26,0.139,2017
Oklahoma,0.12300000000000001,0.258,0.22899999999999998,0.098,0.205,0.188,0.154,2017
Oregon,0.11699999999999999,0.263,0.18899999999999997,0.136,0.245,0.159,0.132,2017
Pennsylvania,0.091,0.253,0.27899999999999997,0.14,0.32299999999999995,0.17800000000000002,0.125,2017
Rhode Island,0.08,0.222,0.24100000000000002,0.14,0.2637368421052632,0.142,0.11699999999999999,2017
South Carolina,0.105,0.243,0.272,0.13699999999999998,0.24600000000000002,0.23399999999999999,0.154,2017
South Dakota,0.079,0.24686363636363629,0.16,0.12899999999999998,0.532,0.17475000000000004,0.122,2017
Tennessee,0.12300000000000001,0.242,0.243,0.11699999999999999,0.21600000000000003,0.209,0.151,2017
Texas,0.085,0.19,0.204,0.099,0.17800000000000002,0.129,0.146,2017
Utah,0.08,0.196,0.157,0.131,0.28800000000000003,0.109,0.096,2017
Vermont,0.10800000000000001,0.24686363636363629,0.21098,0.12899999999999998,0.2637368421052632,0.17475000000000004,0.111,2017
Virginia,0.08199999999999999,0.18,0.12300000000000001,0.068,0.2637368421052632,0.135,0.105,2017
Washington,0.08800000000000001,0.201,0.21100000000000002,0.09699999999999999,0.29100000000000004,0.126,0.11199999999999999,2017
West Virginia,0.184,0.305,0.264,0.12899999999999998,0.5529999999999999,0.285,0.191,2017
Wisconsin,0.083,0.292,0.205,0.142,0.266,0.209,0.109,2017
Wyoming,0.10099999999999999,0.24686363636363629,0.214,0.12899999999999998,0.28300000000000003,0.226,0.11800000000000001,2017
Puerto Rico,0.311,0.24686363636363629,0.446,0.12899999999999998,0.2637368421052632,0.17475000000000004,0.445,2017
United States,0.094,0.22399999999999998,0.18899999999999997,0.10800000000000001,0.245,0.155,0.131,2018
Alabama,0.114,0.273,0.33799999999999997,0.087,0.18,0.22699999999999998,0.168,2018
Alaska,0.07200000000000001,0.23525000000000001,0.049,0.21,0.213,0.12,0.107,2018
Arizona,0.09,0.187,0.19399999999999998,0.122,0.345,0.142,0.139,2018
Arkansas,0.13699999999999998,0.305,0.255,0.187,0.138,0.204,0.174,2018
California,0.09,0.196,0.166,0.099,0.165,0.11,0.128,2018
Colorado,0.075,0.177,0.147,0.096,0.254,0.131,0.098,2018
Connecticut,0.06,0.18100000000000002,0.231,0.086,0.24013513513513507,0.133,0.10400000000000001,2018
Delaware,0.08,0.18100000000000002,0.21600000000000003,0.078,0.24013513513513507,0.20199999999999999,0.11800000000000001,2018
District of Columbia,0.064,0.27,0.12300000000000001,0.12527272727272729,0.24013513513513507,0.12300000000000001,0.166,2018
Florida,0.09699999999999999,0.209,0.166,0.125,0.157,0.14,0.134,2018
Georgia,0.1,0.198,0.21600000000000003,0.102,0.19899999999999998,0.182,0.14400000000000002,2018
Hawaii,0.096,0.23525000000000001,0.128,0.08,0.24013513513513507,0.11199999999999999,0.095,2018
Idaho,0.10400000000000001,0.23525000000000001,0.20800000000000002,0.12527272727272729,0.23399999999999999,0.16399999999999998,0.12,2018
Illinois,0.084,0.23800000000000002,0.149,0.11599999999999999,0.24013513513513507,0.154,0.11900000000000001,2018
Indiana,0.10400000000000001,0.258,0.217,0.18899999999999997,0.261,0.23800000000000002,0.131,2018
Iowa,0.09300000000000001,0.35700000000000004,0.19,0.153,0.24013513513513507,0.25,0.11199999999999999,2018
Kansas,0.09300000000000001,0.278,0.221,0.085,0.161,0.225,0.122,2018
Kentucky,0.153,0.287,0.24100000000000002,0.17,0.24013513513513507,0.19399999999999998,0.16699999999999998,2018
Louisiana,0.121,0.302,0.22399999999999998,0.141,0.23199999999999998,0.225,0.187,2018
Maine,0.106,0.24600000000000002,0.191,0.12527272727272729,0.24013513513513507,0.209,0.11199999999999999,2018
Maryland,0.059000000000000004,0.128,0.13,0.07,0.24013513513513507,0.08900000000000001,0.08800000000000001,2018
Massachusetts,0.068,0.171,0.233,0.113,0.24013513513513507,0.114,0.1,2018
Michigan,0.11,0.272,0.19899999999999998,0.132,0.244,0.193,0.14,2018
Minnesota,0.07200000000000001,0.276,0.175,0.126,0.314,0.14300000000000002,0.09699999999999999,2018
Mississippi,0.12300000000000001,0.31,0.235,0.237,0.392,0.21,0.2,2018
Missouri,0.11,0.251,0.209,0.07200000000000001,0.172,0.213,0.132,2018
Montana,0.10800000000000001,0.23525000000000001,0.2057115384615385,0.12527272727272729,0.285,0.22,0.121,2018
Nebraska,0.087,0.21,0.23800000000000002,0.165,0.345,0.177,0.115,2018
Nevada,0.092,0.207,0.17600000000000002,0.078,0.264,0.16699999999999998,0.13,2018
New Hampshire,0.067,0.23525000000000001,0.13699999999999998,0.098,0.24013513513513507,0.1714255319148936,0.07200000000000001,2018
New Jersey,0.053,0.165,0.171,0.068,0.24013513513513507,0.10099999999999999,0.094,2018
New Mexico,0.125,0.254,0.243,0.139,0.301,0.10099999999999999,0.201,2018
New York,0.091,0.198,0.21899999999999997,0.14800000000000002,0.22399999999999998,0.14800000000000002,0.138,2018
North Carolina,0.09699999999999999,0.213,0.254,0.135,0.209,0.175,0.141,2018
North Dakota,0.08199999999999999,0.23525000000000001,0.17600000000000002,0.12527272727272729,0.249,0.1714255319148936,0.102,2018
Ohio,0.109,0.28,0.25,0.125,0.26899999999999996,0.24100000000000002,0.139,2018
Oklahoma,0.11800000000000001,0.3,0.233,0.114,0.18600000000000003,0.20199999999999999,0.154,2018
Oregon,0.107,0.174,0.18899999999999997,0.095,0.204,0.172,0.122,2018
Pennsylvania,0.08800000000000001,0.247,0.263,0.136,0.221,0.203,0.122,2018
Rhode Island,0.079,0.151,0.299,0.207,0.24013513513513507,0.16,0.126,2018
South Carolina,0.1,0.253,0.24600000000000002,0.111,0.27899999999999997,0.17600000000000002,0.151,2018
South Dakota,0.087,0.23525000000000001,0.255,0.12527272727272729,0.505,0.1714255319148936,0.133,2018
Tennessee,0.11900000000000001,0.26899999999999996,0.268,0.127,0.253,0.221,0.154,2018
Texas,0.084,0.19699999999999998,0.20800000000000002,0.10400000000000001,0.11199999999999999,0.126,0.14800000000000002,2018
Utah,0.073,0.201,0.142,0.105,0.278,0.096,0.08800000000000001,2018
Vermont,0.109,0.23525000000000001,0.222,0.12527272727272729,0.24013513513513507,0.1714255319148936,0.111,2018
Virginia,0.083,0.182,0.131,0.081,0.155,0.11199999999999999,0.107,2018
Washington,0.083,0.196,0.172,0.10400000000000001,0.18,0.141,0.105,2018
West Virginia,0.17,0.26,0.168,0.239,0.24013513513513507,0.345,0.177,2018
Wisconsin,0.08199999999999999,0.327,0.16,0.149,0.244,0.171,0.10800000000000001,2018
Wyoming,0.096,0.23525000000000001,0.204,0.12527272727272729,0.21600000000000003,0.1714255319148936,0.111,2018
Puerto Rico,0.368,0.292,0.433,0.12527272727272729,0.24013513513513507,0.1714255319148936,0.43200000000000005,2018
United States,0.09,0.212,0.172,0.09699999999999999,0.242,0.149,0.12300000000000001,2019
Alabama,0.115,0.23600000000000002,0.244,0.107,0.156,0.18600000000000003,0.154,2019
Alaska,0.069,0.23131818181818178,0.149,0.10669767441860466,0.24,0.069,0.107,2019
Arizona,0.092,0.175,0.182,0.115,0.29,0.153,0.134,2019
Arkansas,0.134,0.289,0.201,0.125,0.155,0.22699999999999998,0.165,2019
California,0.084,0.193,0.15,0.09,0.203,0.107,0.11800000000000001,2019
Colorado,0.07,0.19699999999999998,0.14300000000000002,0.08199999999999999,0.18100000000000002,0.14300000000000002,0.094,2019
Connecticut,0.057999999999999996,0.184,0.22,0.08800000000000001,0.24709523809523815,0.138,0.102,2019
Delaware,0.073,0.17300000000000001,0.21100000000000002,0.084,0.24709523809523815,0.17104166666666668,0.109,2019
District of Columbia,0.051,0.23399999999999999,0.08900000000000001,0.126,0.24709523809523815,0.17104166666666668,0.14300000000000002,2019
Florida,0.092,0.198,0.157,0.102,0.139,0.147,0.127,2019
Georgia,0.091,0.191,0.19699999999999998,0.096,0.23199999999999998,0.14400000000000002,0.134,2019
Hawaii,0.10099999999999999,0.23131818181818178,0.13699999999999998,0.091,0.5529999999999999,0.08800000000000001,0.098,2019
Idaho,0.096,0.23131818181818178,0.18600000000000003,0.19899999999999998,0.27399999999999997,0.10800000000000001,0.111,2019
Illinois,0.079,0.24100000000000002,0.136,0.102,0.209,0.126,0.114,2019
Indiana,0.1,0.25,0.153,0.133,0.184,0.231,0.122,2019
Iowa,0.099,0.305,0.184,0.11699999999999999,0.391,0.14400000000000002,0.114,2019
Kansas,0.08900000000000001,0.20800000000000002,0.20800000000000002,0.127,0.222,0.179,0.115,2019
Kentucky,0.15,0.23600000000000002,0.21100000000000002,0.126,0.24709523809523815,0.244,0.161,2019
Louisiana,0.125,0.294,0.253,0.11,0.188,0.226,0.187,2019
Maine,0.102,0.29100000000000004,0.092,0.10669767441860466,0.151,0.15,0.106,2019
Maryland,0.062,0.128,0.11599999999999999,0.081,0.18,0.124,0.091,2019
Massachusetts,0.065,0.17800000000000002,0.192,0.107,0.365,0.134,0.094,2019
Michigan,0.099,0.267,0.198,0.10400000000000001,0.21899999999999997,0.235,0.131,2019
Minnesota,0.066,0.26899999999999996,0.14800000000000002,0.094,0.355,0.138,0.09,2019
Mississippi,0.11699999999999999,0.305,0.308,0.11,0.36200000000000004,0.205,0.196,2019
Missouri,0.11,0.2,0.177,0.136,0.252,0.184,0.126,2019
Montana,0.109,0.23131818181818178,0.22699999999999998,0.10669767441860466,0.33799999999999997,0.22699999999999998,0.131,2019
Nebraska,0.081,0.146,0.198,0.151,0.214,0.18899999999999997,0.10300000000000001,2019
Nevada,0.099,0.212,0.168,0.099,0.145,0.114,0.13,2019
New Hampshire,0.073,0.23131818181818178,0.109,0.10669767441860466,0.24709523809523815,0.08199999999999999,0.075,2019
New Jersey,0.055999999999999994,0.163,0.157,0.057999999999999996,0.24709523809523815,0.1,0.092,2019
New Mexico,0.114,0.221,0.20800000000000002,0.128,0.272,0.174,0.177,2019
New York,0.091,0.191,0.185,0.134,0.258,0.163,0.129,2019
North Carolina,0.095,0.21100000000000002,0.21600000000000003,0.079,0.268,0.204,0.135,2019
North Dakota,0.083,0.23131818181818178,0.157,0.10669767441860466,0.38,0.17104166666666668,0.11,2019
Ohio,0.1,0.27,0.237,0.098,0.21100000000000002,0.244,0.13,2019
Oklahoma,0.124,0.282,0.221,0.15,0.19399999999999998,0.168,0.155,2019
Oregon,0.10099999999999999,0.273,0.161,0.11800000000000001,0.185,0.14400000000000002,0.115,2019
Pennsylvania,0.087,0.24600000000000002,0.271,0.127,0.322,0.18100000000000002,0.121,2019
Rhode Island,0.071,0.243,0.21899999999999997,0.062,0.24709523809523815,0.127,0.107,2019
South Carolina,0.092,0.23199999999999998,0.213,0.09,0.21,0.166,0.138,2019
South Dakota,0.077,0.23131818181818178,0.1870769230769231,0.10669767441860466,0.42700000000000005,0.17104166666666668,0.11,2019
Tennessee,0.11199999999999999,0.213,0.249,0.07200000000000001,0.281,0.23199999999999998,0.139,2019
Texas,0.079,0.184,0.187,0.092,0.12,0.11800000000000001,0.136,2019
Utah,0.07400000000000001,0.43799999999999994,0.158,0.122,0.23399999999999999,0.12300000000000001,0.094,2019
Vermont,0.098,0.36200000000000004,0.11800000000000001,0.10669767441860466,0.24709523809523815,0.17104166666666668,0.102,2019
Virginia,0.077,0.161,0.125,0.07,0.24709523809523815,0.136,0.099,2019
Washington,0.081,0.157,0.163,0.08199999999999999,0.18899999999999997,0.10099999999999999,0.09699999999999999,2019
West Virginia,0.15,0.27399999999999997,0.192,0.10669767441860466,0.24709523809523815,0.31,0.158,2019
Wisconsin,0.075,0.245,0.19399999999999998,0.107,0.23600000000000002,0.153,0.09699999999999999,2019
Wyoming,0.08800000000000001,0.23131818181818178,0.145,0.10669767441860466,0.151,0.196,0.099,2019
Puerto Rico,0.33299999999999996,0.23131818181818178,0.436,0.10669767441860466,0.24709523809523815,0.579,0.435,2019
